Migration to symfony
--------------------

advertisement.php              => AdvertisementController
album.php                      => AlbumController
article.php                    => ArticlesController
article_ws.php                 => ArticlesController
books.php                      => BooksController
comments.php                   => CommentsController
error.php                      => ErrorController
frontpages.php                 => FrontpagesController
getrss.php                     => RssController
index.php                      => FrontpageController
index_ws.php                   => FrontpageController
letter.php                     => LettersController
login.php                      => AuthenticationController
logout.php                     => AuthenticationController
newsstand_paypal.php           => NewStandPaypalController
newsstand.php                  => NewStandController
opinion_index.php              => OpinionsController
opinion_inner.php              => OpinionsController
opinion_inner_ws.php           => OpinionsController
poll.php                       => PollsController
preview_content.php            => ArticlesController
preview.php                    => IndexController
rating.php                     => RatingsController
redirect-from-editmaker.php    => RedirectorsController
redirect-imported-elements.php => RedirectorsController, almost the same as previous, merge them.
redirector.php                 => DELETE
register.php                   => AuthenticationController
robots.php                     => RobotsController
rss.php                        => RssController
search.php                     => SearchController
sitemap.php                    => SitemapsController
special.php                    => SpecialsController
statics.php                    => StaticPagesController
subscriptions.php              => SubscriptionsController
user.php                       => UsersController
videos.php                     => VideosController



New controllers
---------------
ArticlesController
AlbumController, DONE
AdvertisementController DONE
BooksController DONE
CommentsController DONE
ContentController, common actions for all contents
ErrorController DONE
MonographsController DONE (old specials)
PollsController DONE
RatingsController DONE
RobotsController DONE
RssController DONE
SearchController DONE
SitemapsController DONE
StaticPagesController DONE
RedirectorsController DONE
VideosController DONE


AuthenticationController
NewslibraryController (old frontpages)
FrontpagesController
LettersController
NewStandController
NewStandPaypalController
OpinionsController
SubscriptionsController
UsersController

Work after migration
--------------------
- VideosController, review show action because not work (the problme is in the widget_ratings which check the name of old controller)
- RedirectrosController, review how to handle previous redirections.
- SearchController, we must change all the template urls
- PollsController, review addVote function, use symfony cookie & transform ajax response
- CommentsController, review the save action and urls in templates
- Albumcontroller, change ajax action urls in templates
- ArticlesController, send, sendform and print actions migrated to contentcontroller
- Contentscontroller, migrate send, sendform actions from article.php
- RatingsController, change url in templates